{
	"credit": "Made with Blockbench",
	"textures": {
		"1": "custom:item/paintbrush/l",
		"particle": "custom:item/paintbrush/l"
	},
	"elements": [
		{
			"from": [6, 10, 7.5],
			"to": [10, 16, 8.5],
			"rotation": {"angle": 0, "axis": "y", "origin": [8, 10, 8]},
			"faces": {
				"north": {"uv": [0, 0, 4, 6], "texture": "#1"},
				"east": {"uv": [1, 6, 2, 12], "texture": "#1"},
				"south": {"uv": [4, 0, 8, 6], "texture": "#1"},
				"west": {"uv": [0, 6, 1, 12], "texture": "#1"},
				"up": {"uv": [7, 10, 6, 6], "rotation": 270, "texture": "#1"},
				"down": {"uv": [8, 6, 7, 10], "rotation": 90, "texture": "#1"}
			}
		},
		{
			"from": [7.5, 4, 7.5],
			"to": [8.5, 10, 8.5],
			"rotation": {"angle": 0, "axis": "y", "origin": [8, 10, 8]},
			"faces": {
				"north": {"uv": [3, 6, 4, 12], "texture": "#1"},
				"east": {"uv": [4, 6, 5, 12], "texture": "#1"},
				"south": {"uv": [5, 6, 6, 12], "texture": "#1"},
				"west": {"uv": [2, 6, 3, 12], "texture": "#1"},
				"up": {"uv": [9, 1, 8, 0], "rotation": 270, "texture": "#1"},
				"down": {"uv": [9, 1, 8, 2], "rotation": 90, "texture": "#1"}
			}
		}
	],
	"gui_light": "front",
	"display": {
		"thirdperson_righthand": {
			"rotation": [0, 45, 0],
			"translation": [0, 0, 1]
		},
		"thirdperson_lefthand": {
			"rotation": [0, 45, 0],
			"translation": [0, 0, 1]
		},
		"firstperson_righthand": {
			"rotation": [16, -30, 0]
		},
		"firstperson_lefthand": {
			"rotation": [16, -30, 0]
		},
		"gui": {
			"rotation": [0, 0, 45],
			"translation": [1.5, -1.5, 0]
		},
		"fixed": {
			"rotation": [0, 0, -45],
			"translation": [-1.5, -1.5, 0]
		}
	},
	"groups": [
		{
			"name": "group",
			"origin": [0, 0, 0],
			"color": 0,
			"children": [0, 1]
		}
	]
}