{
	"credit": "Made with Blockbench",
	"textures": {
		"2": "custom:item/paintbrush/m"
	},
	"elements": [
		{
			"from": [7, 11, 7.5],
			"to": [9, 16, 8.5],
			"rotation": {"angle": 0, "axis": "y", "origin": [8, 10.5, 8]},
			"faces": {
				"north": {"uv": [0, 0, 2, 5], "texture": "#2"},
				"east": {"uv": [3, 5, 4, 10], "texture": "#2"},
				"south": {"uv": [2, 0, 4, 5], "texture": "#2"},
				"west": {"uv": [2, 5, 3, 10], "texture": "#2"},
				"up": {"uv": [7, 2, 6, 0], "rotation": 270, "texture": "#2"},
				"down": {"uv": [7, 2, 6, 4], "rotation": 90, "texture": "#2"}
			}
		},
		{
			"from": [7.5, 4, 7.5],
			"to": [8.5, 11, 8.5],
			"rotation": {"angle": 0, "axis": "y", "origin": [8, 10.5, 8]},
			"faces": {
				"north": {"uv": [0, 5, 1, 12], "texture": "#2"},
				"east": {"uv": [5, 0, 6, 7], "texture": "#2"},
				"south": {"uv": [1, 5, 2, 12], "texture": "#2"},
				"west": {"uv": [4, 0, 5, 7], "texture": "#2"},
				"up": {"uv": [7, 5, 6, 4], "rotation": 270, "texture": "#2"},
				"down": {"uv": [7, 5, 6, 6], "rotation": 90, "texture": "#2"}
			}
		}
	],
	"gui_light": "front",
	"display": {
		"thirdperson_righthand": {
			"rotation": [0, 45, 0],
			"translation": [0, 0, 1]
		},
		"thirdperson_lefthand": {
			"rotation": [0, 45, 0],
			"translation": [0, 0, 1]
		},
		"firstperson_righthand": {
			"rotation": [16, -30, 0]
		},
		"firstperson_lefthand": {
			"rotation": [16, -30, 0]
		},
		"gui": {
			"rotation": [0, 0, 45],
			"translation": [1.5, -1.5, 0]
		},
		"fixed": {
			"rotation": [0, 0, -45],
			"translation": [-1.5, -1.5, 0]
		}
	},
	"groups": [
		{
			"name": "group",
			"origin": [0, 0, 0],
			"color": 0,
			"children": [0, 1]
		}
	]
}