{
	"credit": "Made with Blockbench",
	"textures": {
		"2": "custom:item/paintbrush/s"
	},
	"elements": [
		{
			"from": [7.5, 4, 7.5],
			"to": [8.5, 16, 8.5],
			"faces": {
				"north": {"uv": [0, 0, 1, 12], "texture": "#2"},
				"east": {"uv": [1, 0, 2, 12], "texture": "#2"},
				"south": {"uv": [2, 0, 3, 12], "texture": "#2"},
				"west": {"uv": [3, 0, 4, 12], "texture": "#2"},
				"up": {"uv": [6, 3, 5, 2], "texture": "#2"},
				"down": {"uv": [6, 3, 5, 4], "texture": "#2"}
			}
		},
		{
			"from": [7.435, 11.87, 7.435],
			"to": [8.565, 14.13, 8.565],
			"rotation": {"angle": 0, "axis": "y", "origin": [-1.04, -1.17, -1.04]},
			"faces": {
				"north": {"uv": [4, 0, 5, 2], "texture": "#2"},
				"east": {"uv": [4, 2, 5, 4], "texture": "#2"},
				"south": {"uv": [4, 4, 5, 6], "texture": "#2"},
				"west": {"uv": [5, 0, 6, 2], "texture": "#2"},
				"up": {"uv": [6, 5, 5, 4], "texture": "#2"},
				"down": {"uv": [6, 5, 5, 6], "texture": "#2"}
			}
		}
	],
	"gui_light": "front",
	"display": {
		"thirdperson_righthand": {
			"rotation": [0, 45, 0],
			"translation": [0, 0, 1]
		},
		"thirdperson_lefthand": {
			"rotation": [0, 45, 0],
			"translation": [0, 0, 1]
		},
		"firstperson_righthand": {
			"rotation": [16, -30, 0]
		},
		"firstperson_lefthand": {
			"rotation": [16, -30, 0]
		},
		"gui": {
			"rotation": [0, 0, 45],
			"translation": [1.5, -1.5, 0]
		},
		"fixed": {
			"rotation": [0, 0, -45],
			"translation": [-1.5, -1.5, 0]
		}
	},
	"groups": [
		{
			"name": "group",
			"origin": [0, 0, 0],
			"color": 0,
			"children": [0, 1]
		}
	]
}