{
	"credit": "Made with Blockbench",
	"textures": {
		"0": "custom:item/grid/main",
		"particle": "custom:item/grid/main"
	},
	"elements": [
		{
			"from": [7.5, 7.5, 7.9],
			"to": [8.5, 8.5, 8.1],
			"faces": {
				"north": {"uv": [0, 0, 16, 16], "texture": "#0", "tintindex": 0},
				"east": {"uv": [0, 0, 16, 16], "texture": "#0", "tintindex": 0},
				"south": {"uv": [0, 0, 16, 16], "texture": "#0", "tintindex": 0},
				"west": {"uv": [0, 0, 16, 16], "texture": "#0", "tintindex": 0},
				"up": {"uv": [0, 0, 16, 16], "texture": "#0", "tintindex": 0},
				"down": {"uv": [0, 0, 16, 16], "texture": "#0", "tintindex": 0}
			}
		}
	]
}