{
	"credit": "Made with Blockbench",
	"texture_size": [64, 64],
	"textures": {
		"2": "custom:item/easel/main",
		"particle": "custom:item/easel/main"
	},
	"elements": [
		{
			"from": [11.5, 0, 0],
			"to": [13.5, 30, 1],
			"rotation": {"angle": 22.5, "axis": "x", "origin": [14.25, 0, 0]},
			"faces": {
				"north": {"uv": [0, 0, 0.5, 7.5], "texture": "#2"},
				"east": {"uv": [4, 0, 4.25, 7.5], "texture": "#2"},
				"south": {"uv": [0.5, 0, 1, 7.5], "texture": "#2"},
				"west": {"uv": [4.25, 0, 4.5, 7.5], "texture": "#2"},
				"up": {"uv": [6, 6, 5.5, 5.75], "texture": "#2"},
				"down": {"uv": [2.5, 6, 2, 6.25], "texture": "#2"}
			}
		},
		{
			"from": [1.5, 11, -2],
			"to": [14.5, 13, 0],
			"rotation": {"angle": 22.5, "axis": "x", "origin": [14.25, 0, 0]},
			"faces": {
				"north": {"uv": [5, 0, 8.25, 0.5], "texture": "#2"},
				"east": {"uv": [2.5, 5.25, 3, 5.75], "texture": "#2"},
				"south": {"uv": [5, 0.5, 8.25, 1], "texture": "#2"},
				"west": {"uv": [5, 5.5, 5.5, 6], "texture": "#2"},
				"up": {"uv": [8.25, 1.5, 5, 1], "texture": "#2"},
				"down": {"uv": [8.25, 1.5, 5, 2], "texture": "#2"}
			}
		},
		{
			"from": [3, 15.55371, 7.27099],
			"to": [13, 17.55371, 9.27099],
			"rotation": {"angle": 0, "axis": "y", "origin": [1.75, -1.44629, 7.72901]},
			"faces": {
				"north": {"uv": [5, 2, 7.5, 2.5], "texture": "#2"},
				"east": {"uv": [5, 5, 5.5, 5.5], "texture": "#2"},
				"south": {"uv": [5, 2.5, 7.5, 3], "texture": "#2"},
				"west": {"uv": [2, 5.25, 2.5, 5.75], "texture": "#2"},
				"up": {"uv": [7.5, 3.5, 5, 3], "texture": "#2"},
				"down": {"uv": [7.5, 3.5, 5, 4], "texture": "#2"}
			}
		},
		{
			"from": [2.5, 0, 0],
			"to": [4.5, 30, 1],
			"rotation": {"angle": 22.5, "axis": "x", "origin": [1.75, 0, 0]},
			"faces": {
				"north": {"uv": [1, 0, 1.5, 7.5], "texture": "#2"},
				"east": {"uv": [4.5, 0, 4.75, 7.5], "texture": "#2"},
				"south": {"uv": [1.5, 0, 2, 7.5], "texture": "#2"},
				"west": {"uv": [4.75, 0, 5, 7.5], "texture": "#2"},
				"up": {"uv": [3, 6.25, 2.5, 6], "texture": "#2"},
				"down": {"uv": [5.5, 6, 5, 6.25], "texture": "#2"}
			}
		},
		{
			"from": [7, 11, 0],
			"to": [9, 32, 1],
			"rotation": {"angle": 22.5, "axis": "x", "origin": [1.75, 0, 0]},
			"faces": {
				"north": {"uv": [2, 0, 2.5, 5.25], "texture": "#2"},
				"east": {"uv": [3, 4.75, 3.25, 10], "texture": "#2"},
				"south": {"uv": [2.5, 0, 3, 5.25], "texture": "#2"},
				"west": {"uv": [3.25, 4.75, 3.5, 10], "texture": "#2"},
				"up": {"uv": [6.5, 6.25, 6, 6], "texture": "#2"},
				"down": {"uv": [2.5, 6.25, 2, 6.5], "texture": "#2"}
			}
		},
		{
			"from": [6.25, 29, -0.5],
			"to": [9.75, 30, 0.5],
			"rotation": {"angle": 22.5, "axis": "x", "origin": [1.75, 0, 0]},
			"faces": {
				"north": {"uv": [5.5, 5, 6.5, 5.25], "texture": "#2"},
				"east": {"uv": [2.5, 6.25, 2.75, 6.5], "texture": "#2"},
				"south": {"uv": [5.5, 5.25, 6.5, 5.5], "texture": "#2"},
				"west": {"uv": [2.75, 6.25, 3, 6.5], "texture": "#2"},
				"up": {"uv": [6.5, 5.75, 5.5, 5.5], "texture": "#2"},
				"down": {"uv": [3, 5.75, 2, 6], "texture": "#2"}
			}
		},
		{
			"from": [7, 0, 15],
			"to": [9, 19, 16],
			"rotation": {"angle": -22.5, "axis": "x", "origin": [1.75, 0, 16]},
			"faces": {
				"north": {"uv": [3, 0, 3.5, 4.75], "texture": "#2"},
				"east": {"uv": [3.5, 4.75, 3.75, 9.5], "texture": "#2"},
				"south": {"uv": [3.5, 0, 4, 4.75], "texture": "#2"},
				"west": {"uv": [3.75, 4.75, 4, 9.5], "texture": "#2"},
				"up": {"uv": [6, 6.25, 5.5, 6], "texture": "#2"},
				"down": {"uv": [6.5, 5.75, 6, 6], "texture": "#2"}
			}
		},
		{
			"from": [4.5, 5, 0.5],
			"to": [11.5, 7, 0.5],
			"rotation": {"angle": 22.5, "axis": "x", "origin": [1.75, 0, 0]},
			"faces": {
				"north": {"uv": [5, 4, 6.75, 4.5], "texture": "#2"},
				"east": {"uv": [0, 0, 0, 0.5], "texture": "#2"},
				"south": {"uv": [5, 4.5, 6.75, 5], "texture": "#2"},
				"west": {"uv": [0, 0, 0, 0.5], "texture": "#2"},
				"up": {"uv": [1.75, 0, 0, 0], "texture": "#2"},
				"down": {"uv": [1.75, 0, 0, 0], "texture": "#2"}
			}
		},
		{
			"from": [16, 12.20178, 0.24919],
			"to": [16, 12.20178, 1.24919],
			"rotation": {"angle": 22.5, "axis": "x", "origin": [6.5, 12.20178, 4.51294]},
			"color": 4,
			"faces": {
				"north": {"uv": [0, 0, 0, 0], "texture": "#missing"},
				"east": {"uv": [0, 0, 0.25, 0], "texture": "#missing"},
				"south": {"uv": [0, 0, 0, 0], "texture": "#missing"},
				"west": {"uv": [0, 0, 0.25, 0], "texture": "#missing"},
				"up": {"uv": [0, 0, 0, 0.25], "texture": "#missing"},
				"down": {"uv": [0, 0, 0, 0.25], "texture": "#missing"}
			}
		}
	]
}